"gene","celltype","pct_unassigned","pct_assigned"
"PECAM1","VEC",0,7.64
"CDH5","VEC",0,0.08
"VWF","VEC",0,3.91
"PLVAP","VEC",0,3.62
"ICAM2","VEC",0,1.72
"AQP1","VEC",0,15.11
"COL1A1","PeriFb_VSMC",0,5.84
"COL1A2","PeriFb_VSMC",0,12.19
"CSPG4","PeriFb_VSMC",0,0.02
"LUM","PeriFb_VSMC",0,5.38
"ACTA2","PeriFb_VSMC",0,7.04
"PDGFRB","PeriFb_VSMC",0,4.45
"CCL19","FRC",0,16
"CCL21","FRC",0,0.04
"PDPN","FRC",0,2.48
"VCAM1","FRC",0,1.68
"IL33","FRC",0,2.17
"CLU","FRC",0,28.69
"IL7","FRC",0,0
"LYZ","Myeloid",0,6.17
"CD14","Myeloid",0,0.03
"CSF1R","Myeloid",0,0.05
"CD68","Myeloid",0,0.06
"S100A9","Myeloid",0,2.74
"MRC1","Myeloid",0,0.02
"SIGLEC1","Myeloid",0,0.01
"CD3D","Tcell",0,5.84
"CD3E","Tcell",0,6.55
"CD3G","Tcell",0,2.78
"CD28","Tcell",0,1.93
"IL7R","Tcell",0,5.78
"CTLA4","Tcell",0,0.01
"MS4A1","Bcell",0,2.3
"CD79A","Bcell",0,3.11
"CD79B","Bcell",0,1.79
"CD72","Bcell",0,0
"IGHM","Bcell",0,10.15
"IGHD","Bcell",0,0.04
